,time_sec,gaze_x,gaze_y,gaze_z,Sgaze_x,Sgaze_y,Sgaze_z,REyePos_x,REyePos_y,LEyePos_x,LEyePos_y,yaw,pitch,roll,HeadPos_x,HeadPos_y,set_x,set_y,set_z,WTransG_x,WTransG_y,WTransG_z,RegSgaze_x,RegSgaze_y,RegSgaze_z,CalPSgaze_x,CalPSgaze_y,CalPSgaze_z,ROpenClose,LOpenClose
0,2024-05-12 20:03:34.128460,-0.18826057016849518,-0.18017901480197906,0.965449869632721,2.4210661140514844,103.47502564561199,0.0,72,120,173,123,-2.5462575,-17.022373,0.53274417,557,276,172,107,0,0.0,0.0,0.0,-10.459867338483662,95.68353221734465,0.0,15.30199956658663,111.26651907387935,0.0,1,1
1,2024-05-12 20:03:34.261563,-0.18826057016849518,-0.18017901480197906,0.965449869632721,293.3886323604811,174.05384666459594,0.0,71,121,171,124,-2.2398257,-17.970707,0.6216297,558,275,172,107,0,-175.43474884687205,-39.99446152083926,592.4827668208661,280.50769890794595,166.2623532363286,0.0,306.26956581301624,181.8453400928633,0.0,1,1
2,2024-05-12 20:03:34.392988,-0.20227771997451782,-0.1791791170835495,0.9630024433135986,302.401023379568,175.13775269046306,0.0,72,121,171,123,-1.9835057,-11.720465,1.3535292,557,276,172,107,0,-175.5147264486757,-38.589505223592546,592.5532549966861,289.52008992703287,167.34625926219573,0.0,315.28195683210316,182.92924611873042,0.0,1,1
3,2024-05-12 20:03:34.521021,-0.20227771997451782,-0.18448923528194427,0.961793839931488,302.2311399214421,178.95556737445708,0.0,66,120,170,124,-3.5127969,-6.887117,1.2451046,560,278,172,107,0,-175.16047187197273,-38.20726205973342,592.6862301320182,289.35020646890695,171.16407394618972,0.0,315.11207337397724,186.74706080272443,0.0,1,1
4,2024-05-12 20:03:34.656314,-0.20227771997451782,-0.18448923528194427,0.961793839931488,301.49774647244766,179.58545039639517,0.0,72,122,175,126,-0.91874456,-14.71493,3.0645292,557,274,172,107,0,-174.36766472003538,-37.63156784624435,592.9687315044146,288.6168130199125,171.79395696812782,0.0,314.3786799249828,187.37694382466253,0.0,1,1
5,2024-05-12 20:03:34.805394,-0.18265670537948608,-0.17831557989120483,0.9630024433135986,289.08659381637574,175.00574221643103,0.0,72,121,173,124,-2.2704673,-16.328514,0.17832065,558,275,172,107,0,-174.19494094288007,-38.26682881382873,592.9672804797175,276.2056603638406,167.21424878816367,0.0,301.9675272689109,182.7972356446984,0.0,1,1
6,2024-05-12 20:03:34.950797,0.09230704605579376,-0.1771550178527832,0.9773761034011841,120.444728636105,172.69945182695528,0.0,71,118,173,120,-1.164649,-17.020039,0.33166027,558,277,172,107,0,-174.03044112151787,-38.2633798596802,593.0174279275562,107.56379518356985,164.90795839868795,0.0,133.32566208864014,180.49094525522264,0.0,1,1
7,2024-05-12 20:03:35.080950,0.09230704605579376,-0.1771550178527832,0.9798446893692017,121.66888086199407,171.96215480269592,0.0,72,119,174,121,-2.2520862,-17.87529,-0.00551486,558,276,172,107,0,-175.0821592648395,-38.66974263481195,592.6848306490464,108.78794740945892,164.1706613744286,0.0,134.54981431452921,179.75364823096328,0.0,1,1
8,2024-05-12 20:03:35.216078,0.11375173181295395,-0.15703576803207397,0.9798446893692017,108.25902230937321,159.35003513945344,0.0,74,121,177,123,7.8115764,-18.179432,0.5385301,566,275,172,107,0,-174.6549610360845,-39.12777452184306,592.78197928796,95.37808885683806,151.5585417111861,0.0,121.13995576190835,167.1415285677208,0.0,1,1
9,2024-05-12 20:03:35.358699,0.1205729991197586,-0.15537603199481964,0.978333055973053,98.14195435608242,158.22663526859924,0.0,83,121,179,118,12.078838,-16.436298,1.8243301,578,276,172,107,0,-168.97598240042282,-39.64834672571913,594.3941069458633,85.26102090354728,150.43514184033188,0.0,111.02288780861757,166.0181286968666,0.0,1,1
10,2024-05-12 20:03:35.490931,0.1349225491285324,-0.1513960063457489,0.978333055973053,82.52007465371628,155.53632628070062,0.0,88,118,180,117,13.227657,-23.052326,3.8664181,576,279,172,107,0,-162.3246168384546,-40.203697292927096,596.2237681231785,69.63914120118113,147.7448328524333,0.0,95.40100810625142,163.32781970896798,0.0,1,1
11,2024-05-12 20:03:35.624575,0.24892012774944305,-0.1375441700220108,0.9566180109977722,11.63955461421952,149.82755949600534,0.0,87,115,180,117,13.325508,-26.176477,3.6366289,568,282,172,107,0,-164.25177764713587,-39.31319866508349,595.804116135991,-1.241378838315626,142.03606606773798,0.0,24.520488066754666,157.61905292427267,0.0,1,1
12,2024-05-12 20:03:35.750184,0.25397947430610657,-0.1375441700220108,0.9566180109977722,9.735915288760964,150.21146910171814,0.0,89,115,182,117,13.611603,-25.963585,3.7876604,563,282,172,107,0,-165.4147641808428,-38.88355260648992,595.486019668668,-3.145018163774182,142.41997567345078,0.0,22.61684874129611,158.0029625299855,0.0,1,1
13,2024-05-12 20:03:35.885714,0.25397947430610657,-0.1346699446439743,0.9566180109977722,10.712237372426443,148.05595106699263,0.0,89,115,182,117,12.324076,-26.703543,3.5987422,559,284,172,107,0,-166.31755790416344,-39.2109038200107,595.2090738484704,-2.1686960801087025,140.26445763872528,0.0,23.59317082496159,155.84744449526,0.0,1,1
14,2024-05-12 20:03:36.011568,0.25397947430610657,-0.1346699446439743,0.9566180109977722,12.590789634222403,149.1008401725814,0.0,89,115,182,117,12.215286,-21.391348,2.5368474,549,286,172,107,0,-168.08134538663643,-38.10516189739516,594.7768103546251,-0.2901438183127425,141.30934674431404,0.0,25.47172308675755,156.89233360084873,0.0,1,1
15,2024-05-12 20:03:36.145250,0.2771422863006592,-0.12632794678211212,0.9543986916542053,2.1194231947509934,145.24024426067922,0.0,87,116,180,117,10.853783,-22.800192,1.9558933,548,286,172,107,0,-172.10151089917707,-36.8201778300696,593.7071048873077,-10.761510257784153,137.4487508324119,0.0,15.00035664728614,153.03173768894658,0.0,1,1
16,2024-05-12 20:03:36.272203,0.2771422863006592,-0.12632794678211212,0.9543986916542053,3.3832462863915396,145.32308411380797,0.0,86,115,179,117,11.951931,-22.424229,2.2595828,548,286,172,107,0,-173.2661142316061,-36.69211128624454,593.3654204419574,-9.497687166143606,137.5315906855406,0.0,16.264179738926686,153.1145775420753,0.0,1,1
17,2024-05-12 20:03:36.398822,0.2771422863006592,-0.12510845065116882,0.9543986916542053,4.474899353634214,144.60081889754593,0.0,87,114,181,116,12.042702,-22.896818,2.51949,545,287,172,107,0,-174.27640071640334,-36.61946486727121,593.0852172262488,-8.406034098900932,136.8093254692786,0.0,17.35583280616936,152.3923123258133,0.0,1,1
18,2024-05-12 20:03:36.533251,0.2782522737979889,-0.11097417771816254,0.9523252844810486,4.111468462208649,135.1945968936305,0.0,87,112,180,114,13.276627,-25.044828,2.596237,544,289,172,107,0,-174.91237449201606,-37.365815401289574,592.8564810939597,-8.769464990326497,127.40310346536316,0.0,16.992401914743795,142.98609032189785,0.0,1,1
19,2024-05-12 20:03:36.660512,0.2782522737979889,-0.11006395518779755,0.9523252844810486,5.27079151946586,134.49273231990935,0.0,85,110,180,112,11.979094,-26.973486,2.889488,544,291,172,107,0,-175.9790063993483,-37.464369554291125,592.5392433423457,-7.610141933069286,126.70123889164202,0.0,18.151724972001006,142.2842257481767,0.0,1,1
20,2024-05-12 20:03:36.793198,0.28450626134872437,-0.11006395518779755,0.9496356844902039,3.1127481746786145,134.57225277850577,0.0,83,110,178,113,12.5296135,-26.05139,2.3792994,544,290,172,107,0,-178.03306140700968,-37.50897343644202,591.9367164915085,-9.768185277856531,126.78075935023843,0.0,15.99368162721376,142.36374620677313,0.0,1,1
21,2024-05-12 20:03:36.919317,0.30640900135040283,-0.10993629693984985,0.9455403089523315,-11.294893441968497,134.85792792375938,0.0,84,111,178,113,12.528599,-25.059378,1.9759395,543,290,172,107,0,-178.0984630552833,-37.43807631127409,591.9156017547797,-24.175826894503643,127.06643449549203,0.0,1.5860400105666486,142.64942135202674,0.0,1,1
22,2024-05-12 20:03:37.047041,0.30649682879447937,-0.10993629693984985,0.94522625207901,-11.253871792579787,134.80673053609001,0.0,84,111,179,112,11.761133,-27.393763,2.0183632,542,290,172,107,0,-178.24549604847485,-37.50757771841736,591.8763766603437,-24.134805245114933,127.01523710782268,0.0,1.6270616599553591,142.59822396435737,0.0,1,1
23,2024-05-12 20:03:37.176637,0.30649682879447937,-0.11006395518779755,0.94522625207901,-10.589120767295867,134.78205383981424,0.0,81,111,177,113,13.907787,-22.741257,1.3265445,542,290,172,107,0,-178.8463893527572,-37.58925922309549,591.6794415255625,-23.470054219831013,126.99056041154688,0.0,2.291812685239279,142.5735472680816,0.0,1,1
24,2024-05-12 20:03:37.313580,0.30649682879447937,-0.11573813855648041,0.94522625207901,-10.817775436447675,138.37324511413232,0.0,71,118,172,119,5.7444406,-18.462694,0.2378037,541,283,172,107,0,-178.63752631294219,-37.557387125648745,591.7404782667717,-23.69870888898282,130.58175168586496,0.0,2.0631580160874705,146.16473854239965,0.0,1,1
25,2024-05-12 20:03:37.439406,0.13474708795547485,-0.11375751346349716,0.979697048664093,103.09957311065284,134.3654208369489,0.0,68,121,168,121,1.2677054,-16.58644,-0.59302783,543,281,172,107,0,-181.92292051736422,-37.69856361403664,590.6985698498913,90.2186396581177,126.57392740868156,0.0,115.98050656318799,142.15691426521627,0.0,1,1
26,2024-05-12 20:03:37.571848,-0.061891090124845505,-0.12644731998443604,0.9838836789131165,222.1958560114449,140.6882787168766,0.0,67,118,166,119,-2.4207695,-14.431749,-0.057477236,544,283,172,107,0,-182.63577455042733,-38.66404926759808,590.399538561608,209.31492255890976,132.89678528860924,0.0,235.07678946398005,148.47977214514395,0.0,1,1
27,2024-05-12 20:03:37.715459,-0.12642765045166016,-0.13617880642414093,0.9838836789131165,261.07727666677005,147.9653479373423,0.0,64,117,163,120,-4.231919,-13.1672945,0.27707052,545,284,172,107,0,-182.78501365663385,-37.23269477272334,590.4438788428106,248.1963432142349,140.17385450907494,0.0,273.9582101193052,155.75684136560966,0.0,1,1
28,2024-05-12 20:03:37.859225,-0.13055451214313507,-0.13617880642414093,0.9838836789131165,264.15295783859295,149.26973372300932,0.0,58,122,156,123,-10.511906,-6.128404,0.3100512,543,282,172,107,0,-183.39884121562443,-35.91293378618712,590.3327939420656,251.2720243860578,141.47824029474197,0.0,277.0338912911281,157.06122715127665,0.0,1,1
29,2024-05-12 20:03:37.992911,-0.14883242547512054,-0.12644731998443604,0.9788351058959961,279.1571086566822,144.4137850479268,0.0,57,119,155,119,-13.612423,-9.770199,-0.4910326,541,286,172,107,0,-187.1467229479167,-35.175899925564,589.2074314632555,266.2761752041471,136.62229161965948,0.0,292.0380421092174,152.20527847619417,0.0,1,1
30,2024-05-12 20:03:38.116696,-0.1662849634885788,-0.12644731998443604,0.9788351058959961,289.9754775486096,145.16787799538417,0.0,56,121,152,121,-16.668913,-11.031473,-0.5818553,545,286,172,107,0,-187.4690234289139,-34.41462494347911,589.1518349695847,277.09454409607446,137.37638456711682,0.0,302.85641100114475,152.95937142365153,0.0,1,1
31,2024-05-12 20:03:38.244418,-0.1662849634885788,-0.09291785210371017,0.9788351058959961,289.62795077557973,124.95650123038351,0.0,53,123,149,122,-19.943272,-13.086234,-1.9027326,560,286,172,107,0,-187.10227043959014,-34.45566716122232,589.2650099378271,276.7470173230446,117.16500780211616,0.0,302.5088842281149,132.74799465865087,0.0,1,1
32,2024-05-12 20:03:38.374946,-0.1804777979850769,-0.09291785210371017,0.9788351058959961,293.5588348308951,126.16532842643176,0.0,51,122,146,121,-22.916119,-13.218878,-0.9687779,572,288,172,107,0,-182.19310554842826,-33.39916757391254,590.8696920054234,280.67790137835993,118.3738349981644,0.0,306.4397682834302,133.95682185469911,0.0,1,1
33,2024-05-12 20:03:38.502335,-0.18407727777957916,-0.08942839503288269,0.9788351058959961,291.5352406524663,123.94459582983117,0.0,51,122,144,122,-22.81593,-18.173927,-1.5831074,585,288,172,107,0,-177.74509110863167,-33.63574095219744,592.2076308791719,278.65430719993117,116.15310240156381,0.0,304.41617410500146,131.73608925809853,0.0,1,1
34,2024-05-12 20:03:38.627007,-0.19352053105831146,-0.06860889494419098,0.9755075573921204,293.26637665233875,112.42365109541795,0.0,49,124,141,124,-22.790615,-14.476385,-1.2101176,595,286,172,107,0,-173.08032134808118,-32.80263333017361,593.6353952885322,280.3854431998036,104.63215766715061,0.0,306.1473101048739,120.2151445236853,0.0,1,1
35,2024-05-12 20:03:38.768133,-0.3158358037471771,-0.06791027635335922,0.9463804364204407,371.53560633645,113.4279899899283,0.0,46,130,141,133,-23.34898,-19.40765,0.4258132,603,278,172,107,0,-170.777677646859,-32.69296429569623,594.3028761639495,358.6546728839148,105.63649656166095,0.0,384.4165397889851,121.21948341819565,0.0,1,1
36,2024-05-12 20:03:38.893121,-0.3209877610206604,-0.06791027635335922,0.9452888369560242,371.58295234243656,112.13199656236156,0.0,42,134,135,138,-28.757038,-16.78192,0.31370807,615,273,172,107,0,-167.01911444780967,-34.10967990757679,595.2977927505094,358.7020188899014,104.34050313409422,0.0,384.4638857949717,119.92348999062892,0.0,1,1
37,2024-05-12 20:03:39.024543,-0.3214672803878784,-0.06414751708507538,0.9447453618049622,367.94377312234224,109.41022012226853,0.0,44,127,140,129,-26.718956,-15.748755,1.1296899,616,282,172,107,0,-162.542134554466,-34.5687713506261,596.5302413697774,355.0628396698071,101.61872669400117,0.0,380.8247065748774,117.20171355053587,0.0,1,1
38,2024-05-12 20:03:39.159384,-0.3214672803878784,-0.06414751708507538,0.9447453618049622,368.198254758638,110.02198597318952,0.0,44,127,140,129,-26.083794,-16.436317,0.16823459,615,281,172,107,0,-162.81746949284502,-33.952844306223604,596.4689565621984,355.3173213061028,102.23049254492216,0.0,381.0791882111731,117.81347940145686,0.0,1,1
39,2024-05-12 20:03:39.298342,-0.3244900107383728,-0.06414751708507538,0.9433218836784363,370.7359553761132,110.25062703998552,0.0,43,134,140,138,-27.705296,-20.650372,-0.7547009,615,273,172,107,0,-163.16679044258558,-33.77954896001878,596.3841246486585,357.8550219235781,102.45913361171816,0.0,383.61688882864837,118.04212046825286,0.0,1,1
40,2024-05-12 20:03:39.429859,-0.3244900107383728,-0.06964268535375595,0.9433218836784363,369.05741404034904,111.9381343577516,0.0,46,133,142,136,-24.907402,-21.432245,-0.43329573,611,273,172,107,0,-161.3508175654216,-35.59567622878844,596.783650600829,356.1764805878139,104.14664092948425,0.0,381.9383474928842,119.72962778601894,0.0,1,1
41,2024-05-12 20:03:39.557108,-0.3244900107383728,-0.06964268535375595,0.9433218836784363,370.72233157298376,112.71181526142647,0.0,48,124,145,123,-20.753212,-19.403599,-1.0092392,601,279,172,107,0,-163.17446544671395,-34.78792830498407,596.3222070847346,357.8413981204486,104.92032183315911,0.0,383.6032650255189,120.50330868969381,0.0,1,1
42,2024-05-12 20:03:39.695002,-0.32377493381500244,-0.06964268535375595,0.9461339116096497,372.2846562949368,110.93527141267921,0.0,51,123,150,122,-17.768068,-20.00484,-0.67146254,595,275,172,107,0,-166.10963707899373,-36.36640961437378,595.4090465952221,359.40372284240163,103.14377798441186,0.0,385.1655897474719,118.72676484094657,0.0,1,1
43,2024-05-12 20:03:39.825385,-0.22386164963245392,-0.0006082922918722034,0.9707297086715698,307.21448392434667,66.36259263896162,0.0,51,123,151,122,-13.039618,-18.51469,0.54418993,592,271,172,107,0,-167.5978193207184,-37.48523033561238,594.9203160589103,294.3335504718115,58.57109921069426,0.0,320.0954173768818,74.15408606722896,0.0,1,1
44,2024-05-12 20:03:39.961275,-0.03191149979829788,0.002787552773952484,0.9979637265205383,189.0131278848799,62.36802115715757,0.0,61,120,163,119,-5.2870913,-21.672258,-1.546137,578,273,172,107,0,-167.57208152395944,-39.44555958511871,594.8090965791849,176.13219443234476,54.57652772889021,0.0,201.89406133741505,70.15951458542493,0.0,1,1
45,2024-05-12 20:03:40.088296,0.007337186485528946,0.015953771770000458,0.9993855953216553,169.4677118363124,53.98291490599838,0.0,61,116,164,114,-5.28355,-21.6767,-0.71674657,575,277,172,107,0,-171.40521027008248,-40.01497066992823,593.6726065179869,156.58677838377724,46.191421477731026,0.0,182.34864528884754,61.77440833426573,0.0,1,1
46,2024-05-12 20:03:40.209393,0.007337186485528946,0.015953771770000458,0.9994038939476013,168.97674104028914,53.678239463807884,0.0,63,114,166,112,-4.445986,-21.759424,0.29634023,571,278,172,107,0,-170.91502317450733,-40.317942055923616,593.7902250388679,156.095807587754,45.88674603554054,0.0,181.8576744928243,61.469732892075235,0.0,1,1
47,2024-05-12 20:03:40.336993,0.007337186485528946,0.009775443933904171,0.9993855953216553,169.993974228937,56.64618597372318,0.0,69,113,171,112,0.12725878,-23.619875,-0.35745478,559,277,172,107,0,-171.92986076568997,-41.024006110057414,593.4530527880653,157.11304077640185,48.854692545455826,0.0,182.87490768147214,64.43767940199054,0.0,1,1
48,2024-05-12 20:03:40.462989,0.05617902800440788,0.022255662828683853,0.9984117746353149,143.02565611275315,47.81176274329282,0.0,68,112,170,111,0.33226395,-24.26554,-0.25838804,556,277,172,107,0,-173.95780960495708,-42.45018257366653,592.7522842557916,130.144722660218,40.020269315025466,0.0,155.9065895652883,55.603256171560176,0.0,1,1
49,2024-05-12 20:03:40.590908,0.007370965555310249,0.02513132616877556,0.9993855953216553,173.8856896550543,45.51821600682978,0.0,66,110,168,110,-2.1372514,-24.478466,0.077415705,555,277,172,107,0,-175.83209785522408,-43.06589464252782,592.1599938050913,161.00475620251916,37.72672257856243,0.0,186.76662310758945,53.30970943509713,0.0,1,1
50,2024-05-12 20:03:40.724955,0.007370965555310249,0.02513132616877556,0.9990110993385315,175.63380572001893,45.114924652879445,0.0,64,109,167,109,-3.2766438,-27.701931,-0.18482828,555,277,172,107,0,-177.57779144141023,-43.47744544415325,591.609769449238,162.75287226748378,37.323431224612094,0.0,188.51473917255407,52.906418081146796,0.0,1,1
51,2024-05-12 20:03:40.863895,0.05617902800440788,0.02667880430817604,0.9984117746353149,146.8035670067962,44.34144709009222,0.0,66,112,168,111,-1.7516079,-28.029104,0.09159255,555,275,172,107,0,-177.67067831891762,-43.3253881528836,591.5963568439248,133.92263355426104,36.54995366182486,0.0,159.68450045933133,52.13294051835957,0.0,1,1
52,2024-05-12 20:03:40.992053,0.08101625740528107,0.037612028419971466,0.9958024621009827,131.50222990298474,37.3717923162459,0.0,68,112,170,112,-1.4571607,-28.824453,-0.14981246,555,275,172,107,0,-177.2205690107991,-43.75437724400323,591.700231278347,118.62129645044959,29.580298887978547,0.0,144.38316335551988,45.16328574451326,0.0,1,1
53,2024-05-12 20:03:41.126575,0.08101625740528107,0.04616736248135567,0.9953892230987549,130.97858587246043,32.089627801347746,0.0,67,111,168,112,-2.65164,-28.582624,-0.046650648,558,276,172,107,0,-176.7277994764812,-43.935416373908495,591.8340199938211,118.09765241992527,24.298134373080394,0.0,143.85951932499557,39.8811212296151,0.0,1,1
54,2024-05-12 20:03:41.257834,0.08407633006572723,0.04616736248135567,0.9952406287193298,128.1697803325624,32.880772776173636,0.0,67,112,168,113,-2.2148438,-28.455168,-0.69446254,558,276,172,107,0,-175.7751544886513,-43.12410996717415,592.1802941222834,115.28884688002725,25.089279347906288,0.0,141.05071378509754,40.67226620444099,0.0,1,1
55,2024-05-12 20:03:41.388819,0.08407633006572723,0.05091331899166107,0.9952406287193298,128.65409034925307,30.088682191130083,0.0,67,113,169,114,-1.2524185,-28.434616,-0.8621409,557,275,172,107,0,-176.24712283130384,-43.09977226478928,592.0342014536387,115.77315689671791,22.29718876286273,0.0,141.5350238017882,37.880175619397434,0.0,1,1
56,2024-05-12 20:03:41.523238,0.08919573575258255,0.04616736248135567,0.9952406287193298,125.70525890192476,32.90678655109997,0.0,68,115,170,115,-0.4875908,-27.440598,-0.8771589,557,274,172,107,0,-176.34128070058384,-43.10609878921901,592.0077802680598,112.82432544938962,25.115293122832615,0.0,138.5861923544599,40.69827997936733,0.0,1,1
57,2024-05-12 20:03:41.672863,0.08407633006572723,0.04017474129796028,0.9953892230987549,128.7202063639489,36.706533769325254,0.0,69,114,170,113,-0.59050846,-28.478004,-0.48360348,555,276,172,107,0,-176.3057818052718,-42.87349210528765,592.0343103542847,115.83927291141376,28.915040341057903,0.0,141.60113981648405,44.498027197592606,0.0,1,1
58,2024-05-12 20:03:41.793103,0.08919573575258255,0.027959199622273445,0.9952406287193298,126.04561602301192,44.630978315662375,0.0,69,114,171,113,-0.8635278,-29.362936,-0.70672464,555,277,172,107,0,-176.6782170618463,-42.213901750616365,591.9696116366797,113.16468257047677,36.83948488739503,0.0,138.92654947554706,52.42247174392972,0.0,1,1
59,2024-05-12 20:03:41.919591,0.08919573575258255,0.012659789063036442,0.9952035546302795,126.07647663211301,53.96057939218181,0.0,70,117,171,116,-0.17398024,-27.00168,-1.0581024,556,275,172,107,0,-176.71166206830358,-41.984030730376254,591.9763954257238,113.19554317957787,46.169085963914455,0.0,138.95741008464816,61.752072820449165,0.0,1,1
60,2024-05-12 20:03:42.049109,0.31312400102615356,0.00046695792116224766,0.9496279358863831,-16.325287940906122,61.314316439070545,0.0,70,117,172,116,0.044816017,-26.375946,-0.98036766,556,276,172,107,0,-176.475230331993,-41.869577690232944,592.0589594355778,-29.206221393441268,53.522823010803194,0.0,-3.4443544883709762,69.1058098673379,0.0,1,1
61,2024-05-12 20:03:42.172579,0.334506094455719,-0.013920028693974018,0.942290723323822,-32.42248746841011,69.99855892597728,0.0,70,119,173,117,0.15531158,-24.092768,-0.18696046,556,274,172,107,0,-175.43225718377354,-42.226816468201456,592.3388216493263,-45.30342092094526,62.207065497709934,0.0,-19.541554015874965,77.79005235424464,0.0,1,1
62,2024-05-12 20:03:42.304999,0.334506094455719,-0.014404620975255966,0.942290723323822,-31.99213248987988,71.27332852916012,0.0,70,119,173,118,-0.5290723,-24.815498,-0.113143444,556,273,172,107,0,-175.8434373060237,-41.255843507247214,592.2848068212163,-44.873065942415025,63.48183510089278,0.0,-19.111199037344733,79.06482195742748,0.0,1,1
63,2024-05-12 20:03:42.438652,0.334506094455719,-0.014404620975255966,0.942290723323822,-31.999365139850738,71.36779110529125,0.0,70,119,172,118,-0.1019845,-24.982775,-0.479738,556,274,172,107,0,-175.8376785944884,-41.16144440237973,592.2889588487507,-44.880298592385884,63.57629767702389,0.0,-19.118431687315592,79.15928453355859,0.0,1,1
64,2024-05-12 20:03:42.560970,0.32168450951576233,-0.022046711295843124,0.9465145468711853,-23.09518323475774,75.83879003404675,0.0,70,119,172,117,0.21936846,-26.065435,-0.7739713,555,275,172,107,0,-175.7811962761899,-41.43219574332777,592.2913752324689,-35.97611668729289,68.0472966057794,0.0,-10.214249782222595,83.6302834623141,0.0,1,1
65,2024-05-12 20:03:42.693952,0.3206006586551666,-0.022046711295843124,0.9471078515052795,-21.52812107516735,75.94054585590959,0.0,70,119,172,117,0.28599405,-26.478273,-0.7373395,555,275,172,107,0,-176.47560021768606,-41.31706976636076,592.0882713891361,-34.409054527702494,68.14905242764225,0.0,-8.647187622632202,83.73203928417695,0.0,1,1
66,2024-05-12 20:03:42.826853,0.3198753893375397,-0.018914055079221725,0.9472030997276306,-21.160697537635485,73.9777432377966,0.0,70,119,172,117,-0.09452772,-26.481747,-0.8995514,555,275,172,107,0,-176.37846000085645,-41.32081997864986,592.114773375257,-34.04163099017063,66.18624980952924,0.0,-8.27976408510034,81.76923666606395,0.0,1,1
67,2024-05-12 20:03:42.964955,0.3067505657672882,-0.018914055079221725,0.9516019821166992,-11.994085663115527,74.07450631218896,0.0,69,120,172,119,-0.7107029,-24.873226,-0.46380806,555,273,172,107,0,-176.45129044818702,-41.16922917099237,592.106111644467,-24.875019115650673,66.2830128839216,0.0,0.886847789419619,81.8659997404563,0.0,1,1
68,2024-05-12 20:03:43.092889,0.3067505657672882,-0.018914055079221725,0.9516019821166992,-11.864861893674885,74.4553670295303,0.0,69,120,171,118,-0.81152534,-26.096209,-0.777658,555,274,172,107,0,-176.57747258970755,-40.788180908705925,592.096675902595,-24.74579534621003,66.66387360126295,0.0,1.0160715588602613,82.24686045779765,0.0,1,1
69,2024-05-12 20:03:43.233092,0.2936639189720154,-0.014205857180058956,0.955797553062439,-2.574091528607312,71.39476405862604,0.0,69,120,172,119,-0.8467994,-25.643038,-0.51605797,555,273,172,107,0,-176.89213219203867,-40.87897567928796,591.9945057115757,-15.455024981142458,63.60327063035868,0.0,10.306841923927834,79.18625748689338,0.0,1,1
70,2024-05-12 20:03:43.356741,0.29294630885124207,-0.0038858947809785604,0.9559086561203003,-2.112092994211821,65.01323492223096,0.0,69,120,172,119,-0.77483463,-25.537472,-0.64688563,555,273,172,107,0,-176.88905853811355,-40.86833290331205,591.9960860431147,-14.993026446746967,57.22174149396361,0.0,10.768840458323325,72.80472835049831,0.0,1,1
71,2024-05-12 20:03:43.489508,0.29294630885124207,-0.0038858947809785604,0.9559086561203003,-2.0999069691543184,65.23955587031655,0.0,69,120,171,118,-0.92605305,-26.059872,-0.81534934,555,274,172,107,0,-176.90467108382407,-40.64205740757838,592.0072670706737,-14.980840421689464,57.4480624420492,0.0,10.781026483380828,73.03104929858391,0.0,1,1
72,2024-05-12 20:03:43.621075,0.29225316643714905,-0.0038858947809785604,0.9563347697257996,-1.5594703415125934,65.23363791400945,0.0,69,118,172,117,0.36276674,-28.13088,-0.8531606,554,276,172,107,0,-176.93222806215422,-40.646863696233346,591.9975790329634,-14.44040379404774,57.4421444857421,0.0,11.321463111022553,73.02513134227681,0.0,1,1
73,2024-05-12 20:03:43.751223,0.29192474484443665,-0.006247346755117178,0.9564334154129028,-0.9250824511753137,66.9525428630563,0.0,69,119,171,117,0.9297886,-28.252455,-0.8456702,554,276,172,107,0,-177.31519535327539,-40.38873283719157,591.900992460013,-13.80601590371046,59.16104943478894,0.0,11.955851001359832,74.74403629132364,0.0,1,1
74,2024-05-12 20:03:43.881073,0.18859931826591492,-0.027389267459511757,0.9816721677780151,66.04020290930153,79.36368623073764,0.0,69,120,172,119,1.1791863,-26.892492,-0.43984294,553,274,172,107,0,-177.33159282158084,-40.625189518997566,591.8810006160277,53.15926945676638,71.57219280247028,0.0,78.92113636183667,87.155179659005,0.0,1,1
75,2024-05-12 20:03:44.009421,0.13680905103683472,-0.039153970777988434,0.9898233413696289,98.34451338689313,86.7073364645658,0.0,69,120,172,119,0.8938432,-26.975666,-0.48891783,553,274,172,107,0,-177.71873160424548,-40.17703343288787,591.7947755034892,85.46357993435798,78.91584303629845,0.0,111.22544683942827,94.49882989283316,0.0,1,1
76,2024-05-12 20:03:44.135299,0.09148658066987991,-0.07040347158908844,0.9933144450187683,125.41759011114698,105.03777689878697,0.0,68,121,171,120,-1.0969567,-24.574179,-0.32441688,554,273,172,107,0,-177.50632686148285,-40.38525171282924,591.8395264514202,112.53665665861185,97.24628347051961,0.0,138.29852356368212,112.82927032705432,0.0,1,1
77,2024-05-12 20:03:44.278412,0.06791575998067856,-0.07160266488790512,0.9951183795928955,139.64213230799876,106.07634263746888,0.0,69,122,172,120,-1.7766988,-25.326618,-0.3387413,552,272,172,107,0,-177.61330027046182,-39.98366772269678,591.8369246518514,126.76119885546362,98.28484920920152,0.0,152.5230657605339,113.86783606573624,0.0,1,1
78,2024-05-12 20:03:44.408658,0.047535356134176254,-0.07184292376041412,0.9954456090927124,152.16693995364307,106.25014241472158,0.0,69,121,172,120,-1.4438777,-24.95249,-0.032471895,552,273,172,107,0,-178.00235644507868,-39.93053415382434,591.7235890405758,139.28600650110792,98.45864898645422,0.0,165.0478734061782,114.04163584298894,0.0,1,1
79,2024-05-12 20:03:44.536828,0.04335013031959534,-0.07184292376041412,0.996248185634613,154.58029488547083,106.42900290533086,0.0,68,121,171,120,-2.212636,-25.748323,-0.39026523,552,272,172,107,0,-177.90885467364265,-39.72013691050772,591.7633441176573,141.6993614329357,98.63750947706352,0.0,167.46122833800598,114.22049633359822,0.0,1,1
80,2024-05-12 20:03:44.660459,0.04335013031959534,-0.07184292376041412,0.9973511099815369,154.61602566903366,106.02901171004126,0.0,67,120,171,118,-1.6540296,-25.04914,-0.4873221,552,273,172,107,0,-177.91496590858728,-40.07104048005071,591.7370189289818,141.73509221649851,98.2375182817739,0.0,167.4969591215688,113.82050513830862,0.0,1,1
81,2024-05-12 20:03:44.797321,0.047535356134176254,0.032490476965904236,0.9973511099815369,152.43054694807668,44.2801702414544,0.0,65,120,169,118,-2.5233924,-25.034403,-0.6183722,553,273,172,107,0,-178.20880670445675,-39.92057995619138,591.6570579216794,139.54961349554154,36.48867681318705,0.0,165.31148040061183,52.07166366972176,0.0,1,1
82,2024-05-12 20:03:44.936306,0.05013813450932503,0.05285646766424179,0.9973426461219788,151.45585965039558,31.95430725249728,0.0,66,120,170,118,-1.9262431,-24.82459,-0.74386334,552,273,172,107,0,-178.7692355755902,-40.174167717812374,591.4744813424757,138.57492619786044,24.162813824229925,0.0,164.33679310293073,39.74580068076463,0.0,1,1
83,2024-05-12 20:03:45.078456,0.05013813450932503,0.05654622241854668,0.9977837204933167,151.22939113991643,29.804948487233105,0.0,66,120,169,117,-2.5116205,-25.948069,-0.96203136,552,274,172,107,0,-178.5330295651396,-40.14629789030903,591.5422776698223,138.34845768738128,22.013455058965754,0.0,164.11032459245158,37.596441915500456,0.0,1,1
84,2024-05-12 20:03:45.212900,0.05013813450932503,0.05285646766424179,0.9977837204933167,151.78346134255784,31.996005882965,0.0,67,120,170,118,-1.5867708,-24.44457,-0.6689062,551,273,172,107,0,-179.0789479864447,-40.15132826964637,591.3800515561067,138.9025278900227,24.20451245469765,0.0,164.664394795093,39.78749931123235,0.0,1,1
85,2024-05-12 20:03:45.364543,0.042355138808488846,0.05654622241854668,0.9975866079330444,156.5856842153717,30.061366039400767,0.0,66,121,170,118,-1.6446908,-24.310852,-0.6003177,551,273,172,107,0,-179.27154983159556,-39.89465374752004,591.341205931595,143.70475076283657,22.269872611133415,0.0,169.46661766790686,37.85285946766812,0.0,1,1
86,2024-05-12 20:03:45.497491,0.042355138808488846,0.05654622241854668,0.9975866079330444,156.37656192837252,30.197574296944023,0.0,67,121,170,118,-1.574084,-24.437298,-0.46720934,551,273,172,107,0,-179.0653683357324,-39.754519387162794,591.4104701091314,143.49562847583738,22.406080868676668,0.0,169.25749538090767,37.98906772521138,0.0,1,1
87,2024-05-12 20:03:45.636661,0.042355138808488846,0.05044769495725632,0.9975866079330444,156.45776910860468,33.42835954746966,0.0,67,121,170,119,-1.2782812,-23.070717,-0.029052973,552,274,172,107,0,-179.1445322540322,-40.14162630478407,591.3623453526667,143.57683565606953,25.636866119202306,0.0,169.33870256113983,41.21985297573701,0.0,1,1
88,2024-05-12 20:03:45.770922,0.06994054466485977,0.04805896058678627,0.9962747693061829,139.68591931716682,35.44539052223328,0.0,67,121,169,119,-1.269526,-23.735481,-0.4139526,552,274,172,107,0,-178.79035751771244,-39.49579134557453,591.5140127888375,126.80498586463167,27.65389709396593,0.0,152.56685276970197,43.23688395050063,0.0,1,1
89,2024-05-12 20:03:45.896319,0.09171130508184433,-0.04448264092206955,0.9947916269302368,127.1278700373245,90.61134172572159,0.0,66,122,169,120,-1.3687367,-23.964035,-0.45511103,552,273,172,107,0,-179.22833116992092,-39.30820476572437,591.394471423254,114.24693658478935,82.81984829745424,0.0,140.00880348985964,98.40283515398895,0.0,1,1
90,2024-05-12 20:03:46.028901,0.09171130508184433,-0.05624840408563614,0.9946243166923523,127.0911341374395,97.20781149828159,0.0,66,122,169,120,-1.0921636,-22.708979,0.010746956,552,273,172,107,0,-179.19905933977603,-39.71095082962009,591.3759561003397,114.21020068490435,89.41631807001423,0.0,139.97206758997464,104.99930492654894,0.0,1,1
91,2024-05-12 20:03:46.159497,0.09460590779781342,-0.05624840408563614,0.9941162467002869,125.43845830537626,97.61428861405355,0.0,67,122,170,120,-1.5318096,-23.645037,-0.4314301,551,273,172,107,0,-179.2960520359528,-39.321488838982745,591.3745916759425,112.55752485284111,89.8227951857862,0.0,138.3193917579114,105.40578204232091,0.0,1,1
92,2024-05-12 20:03:46.289717,0.09171130508184433,-0.053532376885414124,0.9946243166923523,127.40209083863382,96.03929008423472,0.0,67,121,170,119,-1.2306752,-23.912027,-0.30612922,551,274,172,107,0,-179.5043308870915,-39.26127955429638,591.3142996634697,114.52115738609868,88.24779665596738,0.0,140.28302429116897,103.83078351250208,0.0,1,1
93,2024-05-12 20:03:46.422493,0.08458060026168823,-0.05242855101823807,0.9947916269302368,131.54492465004742,94.93338998652482,0.0,67,122,169,120,-2.0839348,-24.017609,-0.306561,551,273,172,107,0,-179.3991394101579,-39.70552099581957,591.3108715289686,118.66399119751227,87.14189655825746,0.0,144.42585810258257,102.72488341479216,0.0,1,1
94,2024-05-12 20:03:46.548066,0.08317045122385025,-0.053532376885414124,0.9948822855949402,132.40097891592188,95.48874681322275,0.0,67,121,170,119,-1.1214628,-23.523846,-0.04975891,551,274,172,107,0,-179.4116461128767,-39.802845158113804,591.3008177028,119.52004546338672,87.69725338495539,0.0,145.28191236845703,103.2802402414901,0.0,1,1
95,2024-05-12 20:03:46.671402,0.08458060026168823,-0.053532376885414124,0.9948822855949402,131.34782881274566,95.63477139744242,0.0,68,121,169,119,-1.062973,-23.323713,0.03004241,551,274,172,107,0,-179.20319389597628,-39.66098920369588,591.3782903686194,118.4668953602105,87.84327796917506,0.0,144.2287622652808,103.42626482570977,0.0,1,1
96,2024-05-12 20:03:46.795057,0.08458060026168823,-0.05711638182401657,0.9948822855949402,131.38150746433666,98.15643584948879,0.0,66,122,168,120,-1.3922055,-23.511621,-0.12919927,552,273,172,107,0,-179.2382245352299,-39.27064325485453,591.3941931710552,118.50057401180152,90.36494242122143,0.0,144.2624409168718,105.94792927775615,0.0,1,1
97,2024-05-12 20:03:46.930351,0.08588941395282745,-0.05711638182401657,0.9946660995483398,130.55950953943437,97.68308132522189,0.0,67,122,170,120,-1.0839596,-23.656199,0.019493818,551,273,172,107,0,-179.20342223022212,-39.75010858094036,591.3721022619228,117.67857608689921,89.89158789695455,0.0,143.44044299196952,105.47457475348924,0.0,1,1
98,2024-05-12 20:03:47.062035,0.08588941395282745,-0.05711638182401657,0.9946660995483398,130.56347616029342,97.72533249986213,0.0,66,121,169,119,-1.1106906,-23.738092,-0.022992373,552,274,172,107,0,-179.2075372756373,-39.70795610849436,591.3738211335218,117.68254270775827,89.93383907159478,0.0,143.44440961282857,105.51682592812949,0.0,1,1
99,2024-05-12 20:03:47.203599,0.08588941395282745,-0.05324606969952583,0.9946660995483398,130.4771365291212,95.47260623611436,0.0,67,121,170,119,-0.78798914,-24.03546,-0.081650496,551,274,172,107,0,-179.12366418010384,-39.661136495325024,591.4023855312784,117.59620307658605,87.681112807847,0.0,143.35806998165634,103.2640996643817,0.0,1,1
100,2024-05-12 20:03:48.249895,0.08588941395282745,-0.05324606969952583,0.9946660995483398,130.54914902754174,95.4263202230702,0.0,68,121,170,120,-0.71526766,-23.506493,-0.1626811,551,274,172,107,0,-179.19355576706863,-39.70610767579549,591.3778237299097,117.6682155750066,87.63482679480285,0.0,143.4300824800769,103.21781365133755,0.0,1,1
101,2024-05-12 20:03:48.437776,0.08395417779684067,-0.05324606969952583,0.9945238828659058,131.66416395182807,95.8875364936412,0.0,68,120,170,119,-1.1246047,-23.41905,-0.10264444,551,275,172,107,0,-179.1682605683457,-39.25141302416777,591.4150789692598,118.78323049929293,88.09604306537385,0.0,144.54509740436322,103.67902992190857,0.0,1,1
102,2024-05-12 20:03:48.588932,0.08395417779684067,-0.05324606969952583,0.994488537311554,131.54713447497497,95.86366492446152,0.0,67,122,170,120,-1.4348125,-23.728533,-0.32091522,551,274,172,107,0,-179.055520992727,-39.278005367776146,591.4448764744781,118.66620102243982,88.07217149619416,0.0,144.4280679275101,103.65515835272888,0.0,1,1
103,2024-05-12 20:03:48.725134,0.08989022672176361,-0.06816118210554123,0.9938380718231201,128.45546753790592,104.7608996254834,0.0,65,113,171,111,-3.0504372,-28.695433,-1.2063072,552,286,172,107,0,-179.51725115577304,-39.268637817994474,591.3133628831591,115.57453408537079,96.96940619721605,0.0,141.33640099044106,112.55239305375075,0.0,1,1
104,2024-05-12 20:03:48.867196,0.08989022672176361,-0.06816118210554123,0.9938380718231201,126.29845499335255,105.4677311001538,0.0,68,119,171,118,-1.8870268,-24.212164,0.105431795,550,278,172,107,0,-177.42205061716191,-38.60867661551038,591.99676448355,113.41752154081742,97.67623767188644,0.0,139.1793884458877,113.25922452842116,0.0,1,1
105,2024-05-12 20:03:49.000137,0.08366042375564575,-0.07271106541156769,0.994488537311554,131.62189339885703,108.01799614366703,0.0,68,120,170,118,-1.44169,-25.292292,-0.6050718,550,277,172,107,0,-178.96136223565557,-38.70497577452993,591.5136380811336,118.74095994632187,100.22650271539968,0.0,144.50282685139217,115.80948957193438,0.0,1,1
106,2024-05-12 20:03:49.134429,0.06580027937889099,-0.08491405099630356,0.994488537311554,142.92722122732175,115.60026187176601,0.0,67,119,169,117,-1.5984797,-24.841494,-0.73754954,551,278,172,107,0,-179.63170347384113,-38.36556472648855,591.3334977890541,130.0462877747866,107.80876844349865,0.0,155.8081546798569,123.39175530003337,0.0,1,1
107,2024-05-12 20:03:49.269102,0.06580027937889099,-0.08491405099630356,0.9940720200538635,142.66602690461562,115.66402152721218,0.0,68,119,171,117,-1.7229147,-27.142496,-0.9617486,550,279,172,107,0,-179.39212404504235,-38.32969869430435,591.4123773195051,129.78509345208047,107.87252809894484,0.0,155.54696035715077,123.45551495547954,0.0,1,1
108,2024-05-12 20:03:49.405180,0.06580027937889099,-0.07506316155195236,0.9949080944061279,142.51283084839815,109.70581886009191,0.0,67,118,169,117,-1.902988,-26.836666,-1.0155344,551,279,172,107,0,-179.2091527696006,-38.393254666426856,591.4595858203099,129.631897395863,101.91432543182455,0.0,155.3937643009333,117.49731228835925,0.0,1,1
109,2024-05-12 20:03:49.537253,0.06750883907079697,-0.07506316155195236,0.9940720200538635,141.6867491689334,109.75911492052285,0.0,67,119,169,118,-1.6023891,-24.655615,-0.69660544,551,278,172,107,0,-179.42845121793871,-38.372942255961114,591.3993578964613,128.80581571639826,101.96762149225549,0.0,154.56768262146855,117.5506083487902,0.0,1,1
110,2024-05-12 20:03:49.681532,0.07865353673696518,-0.0748354122042656,0.9939562082290649,135.25836116336663,109.62871117953031,0.0,67,121,169,119,-1.6899128,-23.281616,-0.25539064,551,276,172,107,0,-179.63058674677458,-38.36809209808562,591.3336477379868,122.37742771083148,101.83721775126295,0.0,148.13929461590178,117.42020460779767,0.0,1,1
111,2024-05-12 20:03:49.816769,0.08069095015525818,-0.0748354122042656,0.9936406016349792,134.02716325381567,109.65630040369638,0.0,67,120,169,118,-1.2147574,-24.536781,-0.048895597,551,277,172,107,0,-179.62690753465287,-38.35478701054999,591.3355443202337,121.14622980128054,101.86480697542903,0.0,146.90809670635082,117.44779383196374,0.0,1,1
112,2024-05-12 20:03:49.947673,0.09585703164339066,-0.0748354122042656,0.9915167093276978,124.51480610131571,109.3834388069995,0.0,67,119,169,117,-1.003263,-25.237343,-0.4092524,551,278,172,107,0,-179.27048847522627,-38.72937155027048,591.4193308399867,111.63387264878057,101.59194537873215,0.0,137.39573955385086,117.17493223526685,0.0,1,1
113,2024-05-12 20:03:50.077695,0.09585703164339066,-0.07212460786104202,0.9915167093276978,124.58321703322846,108.06293791816537,0.0,67,120,169,118,-2.0830874,-24.291084,-0.09684086,551,277,172,107,0,-179.3386477014098,-38.43274399633925,591.416727270566,111.70228358069332,100.27144448989803,0.0,137.4641504857636,115.85443134643273,0.0,1,1
114,2024-05-12 20:03:50.209072,0.08069095015525818,-0.07212460786104202,0.9936406016349792,133.82235894324896,107.58419765965496,0.0,66,120,169,118,-1.6414938,-24.139675,-0.24756956,551,277,172,107,0,-179.42429462184717,-38.81559421984766,591.3625295247144,120.94142549071381,99.7927042313876,0.0,146.7032923957841,115.3756910879223,0.0,1,1
115,2024-05-12 20:03:50.336557,0.0781993493437767,-0.07200857996940613,0.9944071769714355,135.36218893522232,107.65654080530214,0.0,67,119,169,117,-1.7485592,-24.562914,-0.26657605,551,278,172,107,0,-179.4457977772619,-38.641547098863334,591.367868494177,122.48125548268717,99.86504737703478,0.0,148.24312238775747,115.4480342335695,0.0,1,1
116,2024-05-12 20:03:50.460406,0.07812803983688354,-0.0710396021604538,0.9952582120895386,135.63287155410512,107.315182601077,0.0,66,120,168,118,-1.9084127,-24.340862,0.12063551,551,277,172,107,0,-179.63163431194948,-38.368071771387555,591.3333546445247,122.75193810156998,99.52368917280964,0.0,148.51380500664027,115.10667602934436,0.0,1,1
117,2024-05-12 20:03:50.591618,0.07812803983688354,-0.0710396021604538,0.9952582120895386,135.64506403212954,107.29429171978174,0.0,66,119,168,117,-1.7043698,-24.408245,-0.42196274,551,279,172,107,0,-179.64339554297422,-38.38857053206447,591.3278610711704,122.7641305795944,99.50279829151438,0.0,148.52599748466469,115.08578514804908,0.0,1,1
118,2024-05-12 20:03:50.716344,0.057003192603588104,-0.07200857996940613,0.9952582120895386,148.4437226336534,108.34170249069916,0.0,64,122,167,119,-3.5945406,-19.968332,0.08785987,551,284,172,107,0,-179.8881511622655,-37.913491559484534,591.2811214623728,135.56278918111826,100.55020906243182,0.0,161.32465608618855,116.13319591896652,0.0,1,1
119,2024-05-12 20:03:50.844394,0.05559844523668289,-0.10047458112239838,0.9914816617965698,149.07314404360852,128.5497431563055,0.0,64,112,166,113,-7.2161064,-26.563604,-1.5751963,559,311,172,107,0,-179.82079631289193,-34.86604291426828,591.4945261935774,136.19221059107338,120.75824972803817,0.0,161.95407749614367,136.34123658457287,0.0,0,0
120,2024-05-12 20:03:50.967462,0.05559844523668289,-0.11107176542282104,0.9914816617965698,146.3224876748488,143.04670343953293,0.0,67,112,167,113,-5.465082,-23.120443,1.2360685,559,309,172,107,0,-177.1395876527721,-26.829851449144847,592.7329804215176,133.44155422231364,135.2552100112656,0.0,159.20342112738393,150.83819686780026,0.0,1,1
121,2024-05-12 20:03:51.092112,0.057003192603588104,-0.11704403162002563,0.9903178215026855,145.04766801840324,146.88974539442432,0.0,64,106,163,110,-4.7023277,-27.051094,1.361407,565,319,172,107,0,-176.75175002081843,-26.65407346699729,592.8570102410108,132.1667345658681,139.09825196615697,0.0,157.9286014709384,154.68123882269168,0.0,1,1
122,2024-05-12 20:03:51.222340,0.043956197798252106,-0.13084125518798828,0.9903178215026855,151.26670649350368,156.95413101555692,0.0,63,106,162,111,-5.054188,-26.11767,1.8835294,568,321,172,107,0,-175.184525904955,-24.921962398172152,593.405914090726,138.38577304096853,149.16263758728957,0.0,164.14763994603882,164.74562444382428,0.0,1,1
123,2024-05-12 20:03:51.347125,0.027469627559185028,-0.13084125518798828,0.9903178215026855,160.1819639611044,158.41977113637756,0.0,68,109,168,113,-3.846858,-22.932993,2.166734,561,326,172,107,0,-174.2302529831293,-23.500842950438216,593.7428843828535,147.30103050856926,150.6282777081102,0.0,173.06289741363955,166.2112645646449,0.0,1,1
124,2024-05-12 20:03:51.479325,0.027469627559185028,-0.13084125518798828,0.9903178215026855,161.0116940678284,161.68621089633064,0.0,66,110,168,114,-6.189084,-17.689526,1.9595716,560,327,172,107,0,-175.05645821614843,-20.217613778290477,593.61580784201,148.13076061529324,153.89471746806328,0.0,173.89262752036353,169.477704324598,0.0,1,1
125,2024-05-12 20:03:51.621121,0.027469627559185028,-0.14358089864253998,0.989257276058197,162.63384527744466,170.2536569828029,0.0,66,115,168,119,-5.451002,-19.419462,1.1461704,558,323,172,107,0,-176.68342349368044,-19.3117209644208,593.1534641304315,149.75291182490952,162.46216355453558,0.0,175.5147787299798,178.04515041107027,0.0,1,1
126,2024-05-12 20:03:51.751151,0.021742409095168114,-0.14358089864253998,0.989257276058197,167.04233395487415,170.05283722803222,0.0,65,116,169,119,-5.505725,-19.15887,1.5088208,555,321,172,107,0,-177.6513464441351,-19.46924912081626,592.8551895751822,154.161400502339,162.26134379976486,0.0,179.9232674074093,177.84433065629958,0.0,1,1
127,2024-05-12 20:03:51.879692,0.01825111359357834,-0.14358089864253998,0.989257276058197,170.15347139278776,170.03017494826167,0.0,66,121,172,124,-5.2153788,-17.293085,0.4136045,548,317,172,107,0,-178.66460305845416,-19.44808405085693,592.5532237495011,157.27253794025262,162.23868151999432,0.0,183.0344048453229,177.82166837652903,0.0,1,1
128,2024-05-12 20:03:52.009349,0.01825111359357834,-0.14183244109153748,0.9897224307060242,172.44322698354577,168.14843850932252,0.0,66,121,172,124,-5.1533895,-16.468021,0.4157517,547,317,172,107,0,-180.93589119992393,-20.13900180035825,591.8303919002193,159.56229353101062,160.35694508105516,0.0,185.32416043608092,175.93993193758988,0.0,1,1
129,2024-05-12 20:03:52.138106,0.01825111359357834,-0.13534729182720184,0.9904861450195312,172.75292848263402,164.08305170789322,0.0,65,120,171,122,-5.071529,-18.739103,0.10713005,548,318,172,107,0,-181.23547080962067,-20.251361835999255,591.7377608874359,159.87199503009887,156.2915582796259,0.0,185.63386193516916,171.87454513616058,0.0,1,1
130,2024-05-12 20:03:52.262057,0.020435873419046402,-0.13534729182720184,0.9904861450195312,171.3486957140865,164.0376965118752,0.0,65,123,171,126,-4.74608,-16.610092,0.4919536,549,313,172,107,0,-181.13693565480793,-20.299863155054155,591.7607845566683,158.46776226155134,156.24620308360784,0.0,184.22962916662163,171.82918994014253,0.0,1,1
131,2024-05-12 20:03:52.389541,0.03147129341959953,-0.13534729182720184,0.9904861450195312,164.18289325467472,163.5883286588778,0.0,65,123,171,125,-4.8925457,-17.718252,0.6033256,549,313,172,107,0,-180.5692293381939,-20.77091486132789,591.9194693441576,151.30195980213958,155.79683523061044,0.0,177.06382670720987,171.37982208714513,0.0,1,1
132,2024-05-12 20:03:52.527945,0.03147129341959953,-0.1317715048789978,0.9905874729156494,164.1905995414066,161.86768852731427,0.0,65,123,170,125,-5.2099166,-17.792984,0.6048429,550,312,172,107,0,-180.57543164558928,-20.348349627007956,591.9326842889741,151.30966608887147,154.07619509904694,0.0,177.07153299394176,169.65918195558163,0.0,1,1
133,2024-05-12 20:03:52.655418,0.03147129341959953,-0.130868062376976,0.9908725619316101,164.05265360277002,159.7828225439087,0.0,64,123,170,124,-4.694457,-19.034569,0.38158107,550,312,172,107,0,-180.43179404323973,-21.869689208609522,591.923839454289,151.17172015023488,151.99132911564135,0.0,176.93358705530517,167.57431597217607,0.0,1,1
134,2024-05-12 20:03:52.783442,0.023257708176970482,-0.12591852247714996,0.9917678833007812,169.03561193284537,157.67229225293585,0.0,64,122,170,124,-5.2994957,-16.750675,0.7522633,549,312,172,107,0,-180.4959525820201,-20.957439790641022,591.9385219750104,156.15467848031022,149.8807988246685,0.0,181.91654538538052,165.46378568120318,0.0,1,1
135,2024-05-12 20:03:52.917936,0.02259102463722229,-0.08697733283042908,0.9962086081504822,170.29493418562456,133.70299072192722,0.0,64,123,169,125,-5.218812,-17.249674,0.4146185,549,311,172,107,0,-181.29135344587073,-21.430474940825775,591.6780953611512,157.4140007330894,125.91149729365988,0.0,183.1758676381597,141.49448415019458,0.0,1,1
136,2024-05-12 20:03:53.057355,0.0018416265957057476,-0.06458522379398346,0.9978312253952026,182.84227611074562,120.31967241731263,0.0,64,123,169,124,-5.323833,-18.301302,0.5407226,549,312,172,107,0,-181.51309355829113,-21.447341597250016,591.6050054868476,169.96134265821047,112.52817898904527,0.0,195.72320956328076,128.11116584558,0.0,1,1
137,2024-05-12 20:03:53.183873,-0.0062747071497142315,-0.05817047134041786,0.9981978535652161,187.54018763769224,116.54222117005565,0.0,65,123,170,124,-5.0096993,-17.67794,0.3321278,548,312,172,107,0,-181.4000012754098,-21.411382144498063,591.647986170022,174.6592541851571,108.7507277417883,0.0,200.4211210902274,124.333714598323,0.0,1,1
138,2024-05-12 20:03:53.312979,-0.0062747071497142315,-0.05559397116303444,0.9982869625091553,187.48320387072664,115.64893793755132,0.0,64,124,170,125,-4.867624,-16.46318,0.030484915,548,311,172,107,0,-181.34310590788087,-20.77674889799233,591.6867383965049,174.6022704181915,107.85744450928398,0.0,200.3641373232618,123.44043136581868,0.0,1,1
139,2024-05-12 20:03:53.440389,-0.0062747071497142315,-0.05359886959195137,0.9984485507011414,187.85213672051998,113.81733716303191,0.0,64,123,169,124,-5.4225817,-17.434694,0.515327,548,312,172,107,0,-181.71350300816124,-21.41334116033232,591.5495165112902,174.97120326798483,106.02584373476455,0.0,200.73307017305513,121.60883059129925,0.0,1,1
140,2024-05-12 20:03:53.566784,-0.009617738425731659,-0.05190790444612503,0.9985472559928894,189.83221204346418,112.81235330358766,0.0,64,124,169,125,-5.1687846,-16.29914,0.24703932,548,311,172,107,0,-181.71350021948595,-21.41344097256677,591.5495137656748,176.95127859092904,105.0208598753203,0.0,202.71314549599933,120.60384673185501,0.0,1,1
141,2024-05-12 20:03:53.691614,-0.009617738425731659,-0.05359886959195137,0.9985472559928894,189.8220685181406,113.785523323423,0.0,64,124,169,125,-4.832651,-16.393309,0.46675062,548,311,172,107,0,-181.70333869777647,-21.442116133810128,591.55138221343,176.94113506560547,105.99402989515566,0.0,202.70300197067576,121.57701675169037,0.0,1,1
142,2024-05-12 20:03:53.821897,-0.01674564927816391,-0.05359886959195137,0.9985472559928894,194.17430296530972,113.89570475615699,0.0,64,124,169,125,-4.8763514,-16.390862,0.42920136,548,311,172,107,0,-181.83343557937368,-21.330262636642477,591.5202316431883,181.29336951277458,106.10421132788963,0.0,207.05523641784487,121.68719818442433,0.0,1,1
